{"data": {"coef": [-4.512993261991133e-15, 2.999999999999999, 4.440892098500626e-16], "names": ["1", "x0", "x0^2"], "json": [{"coef": -4.512993261991133e-15, "variables": []}, {"coef": 2.999999999999999, "variables": [{"index": 1, "pow": 1}]}, {"coef": 4.440892098500626e-16, "variables": [{"index": 1, "pow": 2}]}], "latex": "-4.512993261991133e-15+2.999999999999999x_1+4.440892098500626e-16x_1^2"}}