{"data": {"coef": [3.6195133903646497e-13, 2.9999999999996656, 1.0325074129013956e-13, -1.021405182655144e-14], "names": ["1", "x0", "x0^2", "x0^3"], "json": [{"coef": 3.6195133903646497e-13, "variables": []}, {"coef": 2.9999999999996656, "variables": [{"index": 1, "pow": 1}]}, {"coef": 1.0325074129013956e-13, "variables": [{"index": 1, "pow": 2}]}, {"coef": -1.021405182655144e-14, "variables": [{"index": 1, "pow": 3}]}], "latex": "3.6195133903646497e-13+2.9999999999996656x_1+1.0325074129013956e-13x_1^2-1.021405182655144e-14x_1^3"}}