{"data": {"coef": [1.6600537565595828, 0.08963692990315271, 0.09599385639319079], "names": ["1", "x0", "x0^2"], "json": [{"coef": 1.6600537565595828, "variables": []}, {"coef": 0.08963692990315271, "variables": [{"index": 1, "pow": 1}]}, {"coef": 0.09599385639319079, "variables": [{"index": 1, "pow": 2}]}], "latex": "1.6600537565595828+0.08963692990315271x_1+0.09599385639319079x_1^2"}}