{"data": {"coef": [1.6670796346264443, 0.10222494172256469, 0.09534461689207548, -0.00020539904135544185], "names": ["1", "x0", "x0^2", "x0^3"], "json": [{"coef": 1.6670796346264443, "variables": []}, {"coef": 0.10222494172256469, "variables": [{"index": 1, "pow": 1}]}, {"coef": 0.09534461689207548, "variables": [{"index": 1, "pow": 2}]}, {"coef": -0.00020539904135544185, "variables": [{"index": 1, "pow": 3}]}], "latex": "1.6670796346264443+0.10222494172256469x_1+0.09534461689207548x_1^2-0.00020539904135544185x_1^3"}}