{"data": {"coef": [7.57170168187737e-12, 0.999999999999991, 1.1102230246251565e-16], "names": ["1", "x0", "x0^2"], "json": [{"coef": 7.57170168187737e-12, "variables": []}, {"coef": 0.999999999999991, "variables": [{"index": 1, "pow": 1}]}, {"coef": 1.1102230246251565e-16, "variables": [{"index": 1, "pow": 2}]}], "latex": "7.57170168187737e-12+0.999999999999991x_1+1.1102230246251565e-16x_1^2"}}