{"data": {"coef": [5.101466561226476e-09, 0.9999999999943265, 2.77789943825546e-14, 0.0], "names": ["1", "x0", "x0^2", "x0^3"], "json": [{"coef": 5.101466561226476e-09, "variables": []}, {"coef": 0.9999999999943265, "variables": [{"index": 1, "pow": 1}]}, {"coef": 2.77789943825546e-14, "variables": [{"index": 1, "pow": 2}]}], "latex": "5.101466561226476e-09+0.9999999999943265x_1+2.77789943825546e-14x_1^2"}}