{"data": {"coef": [-10.000000000000036, 5.000000000000003, 1.0], "names": ["1", "x0", "x0^2"], "json": [{"coef": -10.000000000000036, "variables": []}, {"coef": 5.000000000000003, "variables": [{"index": 1, "pow": 1}]}, {"coef": 1.0, "variables": [{"index": 1, "pow": 2}]}], "latex": "-10.000000000000036+5.000000000000003x_1+1.0x_1^2"}}