{"data": {"coef": [-9.999999999999952, 4.999999999999982, 1.0000000000000002, -8.881784197001252e-16], "names": ["1", "x0", "x0^2", "x0^3"], "json": [{"coef": -9.999999999999952, "variables": []}, {"coef": 4.999999999999982, "variables": [{"index": 1, "pow": 1}]}, {"coef": 1.0000000000000002, "variables": [{"index": 1, "pow": 2}]}, {"coef": -8.881784197001252e-16, "variables": [{"index": 1, "pow": 3}]}], "latex": "-9.999999999999952+4.999999999999982x_1+1.0000000000000002x_1^2-8.881784197001252e-16x_1^3"}}