{"data": {"coef": [-10.000000000001402, 4.9999999999997184, 1.0000000000000013, 5.329070518200751e-15, 0.0], "names": ["1", "x0", "x0^2", "x0^3", "x0^4"], "json": [{"coef": -10.000000000001402, "variables": []}, {"coef": 4.9999999999997184, "variables": [{"index": 1, "pow": 1}]}, {"coef": 1.0000000000000013, "variables": [{"index": 1, "pow": 2}]}, {"coef": 5.329070518200751e-15, "variables": [{"index": 1, "pow": 3}]}], "latex": "-10.000000000001402+4.9999999999997184x_1+1.0000000000000013x_1^2+5.329070518200751e-15x_1^3"}}