{"data": {"coef": [-0.9999999999999872, 1.0000000000000007, -2.220446049250313e-16], "names": ["1", "x0", "x0^2"], "json": [{"coef": -0.9999999999999872, "variables": []}, {"coef": 1.0000000000000007, "variables": [{"index": 1, "pow": 1}]}, {"coef": -2.220446049250313e-16, "variables": [{"index": 1, "pow": 2}]}], "latex": "-0.9999999999999872+1.0000000000000007x_1-2.220446049250313e-16x_1^2"}}