{"data": {"coef": [-1.0000000000008853, 1.0000000000000924, -1.4710455076283324e-15, 1.1102230246251565e-16], "names": ["1", "x0", "x0^2", "x0^3"], "json": [{"coef": -1.0000000000008853, "variables": []}, {"coef": 1.0000000000000924, "variables": [{"index": 1, "pow": 1}]}, {"coef": -1.4710455076283324e-15, "variables": [{"index": 1, "pow": 2}]}, {"coef": 1.1102230246251565e-16, "variables": [{"index": 1, "pow": 3}]}], "latex": "-1.0000000000008853+1.0000000000000924x_1-1.4710455076283324e-15x_1^2+1.1102230246251565e-16x_1^3"}}