{"data": {"coef": [236365.55000000075, -177084.05000000037, 30884.25000000003], "names": ["1", "x0", "x0^2"], "json": [{"coef": 236365.55000000075, "variables": []}, {"coef": -177084.05000000037, "variables": [{"index": 1, "pow": 1}]}, {"coef": 30884.25000000003, "variables": [{"index": 1, "pow": 2}]}], "latex": "236365.55000000075-177084.05000000037x_1+30884.25000000003x_1^2"}}