{"data": {"coef": [-444367.9999999471, 484581.33333328395, -169331.4999999846, 19068.166666665173], "names": ["1", "x0", "x0^2", "x0^3"], "json": [{"coef": -444367.9999999471, "variables": []}, {"coef": 484581.33333328395, "variables": [{"index": 1, "pow": 1}]}, {"coef": -169331.4999999846, "variables": [{"index": 1, "pow": 2}]}, {"coef": 19068.166666665173, "variables": [{"index": 1, "pow": 3}]}], "latex": "-444367.9999999471+484581.33333328395x_1-169331.4999999846x_1^2+19068.166666665173x_1^3"}}