{"data": {"coef": [-2.535709973095457e-06, 0.9999999998884312, 4.3629381787158364e-11, -1.258585249908073e-13, 0.0], "names": ["1", "x0", "x0^2", "x0^3", "x0^4"], "json": [{"coef": -2.535709973095457e-06, "variables": []}, {"coef": 0.9999999998884312, "variables": [{"index": 1, "pow": 1}]}, {"coef": 4.3629381787158364e-11, "variables": [{"index": 1, "pow": 2}]}, {"coef": -1.258585249908073e-13, "variables": [{"index": 1, "pow": 3}]}], "latex": "-2.535709973095457e-06+0.9999999998884312x_1+4.3629381787158364e-11x_1^2-1.258585249908073e-13x_1^3"}}