{"data": {"coef": [-0.13418722611450504, 0.3616076301490091, -0.011115129731128881], "names": ["1", "x0", "x0^2"], "json": [{"coef": -0.13418722611450504, "variables": []}, {"coef": 0.3616076301490091, "variables": [{"index": 1, "pow": 1}]}, {"coef": -0.011115129731128881, "variables": [{"index": 1, "pow": 2}]}], "latex": "-0.13418722611450504+0.3616076301490091x_1-0.011115129731128881x_1^2"}}