{"data": {"coef": [-0.4200245692194349, 0.5603934480196364, -0.037899802663719735, 0.0009487405536030558], "names": ["1", "x0", "x0^2", "x0^3"], "json": [{"coef": -0.4200245692194349, "variables": []}, {"coef": 0.5603934480196364, "variables": [{"index": 1, "pow": 1}]}, {"coef": -0.037899802663719735, "variables": [{"index": 1, "pow": 2}]}, {"coef": 0.0009487405536030558, "variables": [{"index": 1, "pow": 3}]}], "latex": "-0.4200245692194349+0.5603934480196364x_1-0.037899802663719735x_1^2+0.0009487405536030558x_1^3"}}