{"data": {"coef": [-7.000000000000013, 4.999999999999999, -8.881784197001252e-16], "names": ["1", "x0", "x0^2"], "json": [{"coef": -7.000000000000013, "variables": []}, {"coef": 4.999999999999999, "variables": [{"index": 1, "pow": 1}]}, {"coef": -8.881784197001252e-16, "variables": [{"index": 1, "pow": 2}]}], "latex": "-7.000000000000013+4.999999999999999x_1-8.881784197001252e-16x_1^2"}}