{"data": {"coef": [-7.000000000000091, 4.999999999999983, 1.887379141862766e-15, -8.881784197001252e-16], "names": ["1", "x0", "x0^2", "x0^3"], "json": [{"coef": -7.000000000000091, "variables": []}, {"coef": 4.999999999999983, "variables": [{"index": 1, "pow": 1}]}, {"coef": 1.887379141862766e-15, "variables": [{"index": 1, "pow": 2}]}, {"coef": -8.881784197001252e-16, "variables": [{"index": 1, "pow": 3}]}], "latex": "-7.000000000000091+4.999999999999983x_1+1.887379141862766e-15x_1^2-8.881784197001252e-16x_1^3"}}