{"data": {"coef": [-6.999999999996253, 4.999999999999976, -3.437528039995641e-14, -5.2735593669694936e-15, 0.0], "names": ["1", "x0", "x0^2", "x0^3", "x0^4"], "json": [{"coef": -6.999999999996253, "variables": []}, {"coef": 4.999999999999976, "variables": [{"index": 1, "pow": 1}]}, {"coef": -3.437528039995641e-14, "variables": [{"index": 1, "pow": 2}]}, {"coef": -5.2735593669694936e-15, "variables": [{"index": 1, "pow": 3}]}], "latex": "-6.999999999996253+4.999999999999976x_1-3.437528039995641e-14x_1^2-5.2735593669694936e-15x_1^3"}}