{"data": {"coef": [23.151906855984922, 70.57967313476419, -1.3941695461531367], "names": ["1", "x0", "x0^2"], "json": [{"coef": 23.151906855984922, "variables": []}, {"coef": 70.57967313476419, "variables": [{"index": 1, "pow": 1}]}, {"coef": -1.3941695461531367, "variables": [{"index": 1, "pow": 2}]}], "latex": "23.151906855984922+70.57967313476419x_1-1.3941695461531367x_1^2"}}