{"data": {"coef": [12.000000000000009, 9.999999999999964, 0.9999999999999973, 2.0000000000000018], "names": ["1", "x0", "x0^2", "x0^3"], "json": [{"coef": 12.000000000000009, "variables": []}, {"coef": 9.999999999999964, "variables": [{"index": 1, "pow": 1}]}, {"coef": 0.9999999999999973, "variables": [{"index": 1, "pow": 2}]}, {"coef": 2.0000000000000018, "variables": [{"index": 1, "pow": 3}]}], "latex": "12.000000000000009+9.999999999999964x_1+0.9999999999999973x_1^2+2.0000000000000018x_1^3"}}