{"data": {"coef": [-15.294379716023155, -34.99810408391853, 15.873021481812614], "names": ["1", "x0", "x0^2"], "json": [{"coef": -15.294379716023155, "variables": []}, {"coef": -34.99810408391853, "variables": [{"index": 1, "pow": 1}]}, {"coef": 15.873021481812614, "variables": [{"index": 1, "pow": 2}]}], "latex": "-15.294379716023155-34.99810408391853x_1+15.873021481812614x_1^2"}}