{"data": {"coef": [16.58274306697884, 5.37958477455021, -16.004101301189106, 4.250283037733566], "names": ["1", "x0", "x0^2", "x0^3"], "json": [{"coef": 16.58274306697884, "variables": []}, {"coef": 5.37958477455021, "variables": [{"index": 1, "pow": 1}]}, {"coef": -16.004101301189106, "variables": [{"index": 1, "pow": 2}]}, {"coef": 4.250283037733566, "variables": [{"index": 1, "pow": 3}]}], "latex": "16.58274306697884+5.37958477455021x_1-16.004101301189106x_1^2+4.250283037733566x_1^3"}}