{"data": {"coef": [336398.7325630248, -120778.90777310953, 8375.614495798349], "names": ["1", "x0", "x0^2"], "json": [{"coef": 336398.7325630248, "variables": []}, {"coef": -120778.90777310953, "variables": [{"index": 1, "pow": 1}]}, {"coef": 8375.614495798349, "variables": [{"index": 1, "pow": 2}]}], "latex": "336398.7325630248-120778.90777310953x_1+8375.614495798349x_1^2"}}