{"data": {"coef": [-382311.60374938464, 216474.3595385728, -32929.57724628354, 1449.304973406397], "names": ["1", "x0", "x0^2", "x0^3"], "json": [{"coef": -382311.60374938464, "variables": []}, {"coef": 216474.3595385728, "variables": [{"index": 1, "pow": 1}]}, {"coef": -32929.57724628354, "variables": [{"index": 1, "pow": 2}]}, {"coef": 1449.304973406397, "variables": [{"index": 1, "pow": 3}]}], "latex": "-382311.60374938464+216474.3595385728x_1-32929.57724628354x_1^2+1449.304973406397x_1^3"}}