{"data": {"coef": [4.278977076709712, 0.03660631852958446, -5.355811993248277e-05], "names": ["1", "x0", "x0^2"], "json": [{"coef": 4.278977076709712, "variables": []}, {"coef": 0.03660631852958446, "variables": [{"index": 1, "pow": 1}]}, {"coef": -5.355811993248277e-05, "variables": [{"index": 1, "pow": 2}]}], "latex": "4.278977076709712+0.03660631852958446x_1-5.355811993248277e-05x_1^2"}}