{"data": {"coef": [3.7381343361801367, 0.0685661223212601, -0.0002411387300683555, 2.6276956714699207e-07], "names": ["1", "x0", "x0^2", "x0^3"], "json": [{"coef": 3.7381343361801367, "variables": []}, {"coef": 0.0685661223212601, "variables": [{"index": 1, "pow": 1}]}, {"coef": -0.0002411387300683555, "variables": [{"index": 1, "pow": 2}]}, {"coef": 2.6276956714699207e-07, "variables": [{"index": 1, "pow": 3}]}], "latex": "3.7381343361801367+0.0685661223212601x_1-0.0002411387300683555x_1^2+2.6276956714699207e-07x_1^3"}}