{"data": {"coef": [0.2643160292463774, -0.21369011867515963, -0.011057099480999394], "names": ["1", "x0", "x0^2"], "json": [{"coef": 0.2643160292463774, "variables": []}, {"coef": -0.21369011867515963, "variables": [{"index": 1, "pow": 1}]}, {"coef": -0.011057099480999394, "variables": [{"index": 1, "pow": 2}]}], "latex": "0.2643160292463774-0.21369011867515963x_1-0.011057099480999394x_1^2"}}