{"data": {"coef": [0.24321177706938088, -0.29756043923298753, -0.009270219552967918, 0.0014051789156944716], "names": ["1", "x0", "x0^2", "x0^3"], "json": [{"coef": 0.24321177706938088, "variables": []}, {"coef": -0.29756043923298753, "variables": [{"index": 1, "pow": 1}]}, {"coef": -0.009270219552967918, "variables": [{"index": 1, "pow": 2}]}, {"coef": 0.0014051789156944716, "variables": [{"index": 1, "pow": 3}]}], "latex": "0.24321177706938088-0.29756043923298753x_1-0.009270219552967918x_1^2+0.0014051789156944716x_1^3"}}