{"data": {"coef": [-0.3073436966443138, 0.06896476325972363, 0.004176710556508215], "names": ["1", "x0", "x0^2"], "json": [{"coef": -0.3073436966443138, "variables": []}, {"coef": 0.06896476325972363, "variables": [{"index": 1, "pow": 1}]}, {"coef": 0.004176710556508215, "variables": [{"index": 1, "pow": 2}]}], "latex": "-0.3073436966443138+0.06896476325972363x_1+0.004176710556508215x_1^2"}}