{"data": {"coef": [-0.49642826424363284, 0.190981426372695, 0.011428137755553305, -0.0014265899652777525], "names": ["1", "x0", "x0^2", "x0^3"], "json": [{"coef": -0.49642826424363284, "variables": []}, {"coef": 0.190981426372695, "variables": [{"index": 1, "pow": 1}]}, {"coef": 0.011428137755553305, "variables": [{"index": 1, "pow": 2}]}, {"coef": -0.0014265899652777525, "variables": [{"index": 1, "pow": 3}]}], "latex": "-0.49642826424363284+0.190981426372695x_1+0.011428137755553305x_1^2-0.0014265899652777525x_1^3"}}