{"data": {"coef": [1.1526400908117877e-11, 0.9999999999999863, 0.0], "names": ["1", "x0", "x0^2"], "json": [{"coef": 1.1526400908117877e-11, "variables": []}, {"coef": 0.9999999999999863, "variables": [{"index": 1, "pow": 1}]}], "latex": "1.1526400908117877e-11+0.9999999999999863x_1"}}