{"data": {"coef": [9.94477207376687e-09, 0.9999999999960238, -6.370771965524824e-15, -1.1102230246251565e-16], "names": ["1", "x0", "x0^2", "x0^3"], "json": [{"coef": 9.94477207376687e-09, "variables": []}, {"coef": 0.9999999999960238, "variables": [{"index": 1, "pow": 1}]}, {"coef": -6.370771965524824e-15, "variables": [{"index": 1, "pow": 2}]}, {"coef": -1.1102230246251565e-16, "variables": [{"index": 1, "pow": 3}]}], "latex": "9.94477207376687e-09+0.9999999999960238x_1-6.370771965524824e-15x_1^2-1.1102230246251565e-16x_1^3"}}