{"data": {"coef": [0.12971064610444952, 0.11844020705302967, -0.0031206260820621223], "names": ["1", "x0", "x0^2"], "json": [{"coef": 0.12971064610444952, "variables": []}, {"coef": 0.11844020705302967, "variables": [{"index": 1, "pow": 1}]}, {"coef": -0.0031206260820621223, "variables": [{"index": 1, "pow": 2}]}], "latex": "0.12971064610444952+0.11844020705302967x_1-0.0031206260820621223x_1^2"}}