{"data": {"coef": [-0.012737878466323484, 0.18831635765304464, -0.01113262552017258, 0.0002542223045224057], "names": ["1", "x0", "x0^2", "x0^3"], "json": [{"coef": -0.012737878466323484, "variables": []}, {"coef": 0.18831635765304464, "variables": [{"index": 1, "pow": 1}]}, {"coef": -0.01113262552017258, "variables": [{"index": 1, "pow": 2}]}, {"coef": 0.0002542223045224057, "variables": [{"index": 1, "pow": 3}]}], "latex": "-0.012737878466323484+0.18831635765304464x_1-0.01113262552017258x_1^2+0.0002542223045224057x_1^3"}}