{"data": {"coef": [-0.07893662977302808, 0.5010711419437075, -0.014872755143105376], "names": ["1", "x0", "x0^2"], "json": [{"coef": -0.07893662977302808, "variables": []}, {"coef": 0.5010711419437075, "variables": [{"index": 1, "pow": 1}]}, {"coef": -0.014872755143105376, "variables": [{"index": 1, "pow": 2}]}], "latex": "-0.07893662977302808+0.5010711419437075x_1-0.014872755143105376x_1^2"}}