{"data": {"coef": [-0.5319498432599508, 0.7958887447456592, -0.05385422060343042, 0.0013397316215283395], "names": ["1", "x0", "x0^2", "x0^3"], "json": [{"coef": -0.5319498432599508, "variables": []}, {"coef": 0.7958887447456592, "variables": [{"index": 1, "pow": 1}]}, {"coef": -0.05385422060343042, "variables": [{"index": 1, "pow": 2}]}, {"coef": 0.0013397316215283395, "variables": [{"index": 1, "pow": 3}]}], "latex": "-0.5319498432599508+0.7958887447456592x_1-0.05385422060343042x_1^2+0.0013397316215283395x_1^3"}}